Date,unrate,unrate_men,unrate_women,unrate_16_to_17,unrate_18_to_19,unrate_20_to_24,unrate_25_to_34,unrate_35_to_44,unrate_45_to_54,unrate_55_over
01-01-1948,3.4,3.4,3.3,9.4,8.3,5.8,3,2,2.2,2.9
01-02-1948,3.8,3.6,4.5,13.1,8.2,6.3,3.3,2.5,2.8,3.1
01-03-1948,4,3.8,4.4,13,8.9,7.6,2.9,2.7,2.6,3
01-04-1948,3.9,3.8,4.3,11.2,8.6,6.8,3.4,2.9,2.6,3
01-05-1948,3.5,3.5,3.7,6.5,7.9,6.6,3,2.6,2.4,3.1
01-06-1948,3.6,3.3,4.3,11.9,7.1,6,3,2.6,2.4,2.8
01-07-1948,3.6,3.4,4.2,10.3,9.3,6.2,2.9,2.5,2.5,2.8
01-08-1948,3.9,3.6,4.4,9,9.7,5.7,3.6,2.8,2.7,3.3
01-09-1948,3.8,3.7,4.1,9.1,8.2,5.5,3.4,2.7,3.2,3.2
01-10-1948,3.7,3.6,4,8.1,8.6,5.2,3.4,2.5,2.6,3.2
01-11-1948,3.8,3.7,3.9,8.5,9.7,5.4,3.5,2.5,2.7,3.7
01-12-1948,4,3.9,4.2,7.4,9.2,6.4,3.3,2.7,3.2,3.9
01-01-1949,4.3,4.2,4.4,9.6,10.5,6.7,3.8,3,3.2,3.5
01-02-1949,4.7,4.6,4.8,12.5,9.5,7.5,4,3.5,3.5,4
01-03-1949,5,5.1,4.6,13.1,11.3,7.8,4.1,3.6,3.5,4.3
01-04-1949,5.3,5.3,5.5,13.8,12.8,8.1,4.9,3.9,3.8,4.4
01-05-1949,6.1,6.1,6,13.6,13.9,9.7,5.5,4.4,4.3,5.3
01-06-1949,6.2,6.2,6.2,14.5,12.9,9.7,6.1,4.4,4.2,5.3
01-07-1949,6.7,6.7,6.8,14.3,14.3,10.6,6.1,4.9,4.7,6.1
01-08-1949,6.8,6.8,6.8,15.8,14.1,11.1,5.9,5.1,4.7,6.2
01-09-1949,6.6,6.5,6.8,13.6,14.6,10.2,5.7,5.2,4.5,6.3
01-10-1949,7.9,8.4,6.8,17.4,14.6,11.2,8.3,5.8,5.8,5.9
01-11-1949,6.4,6.5,6.3,13.9,14.3,9.9,5.8,5.1,4.8,5.5
01-12-1949,6.6,6.5,6.8,16.2,15.1,9.4,6.1,5,4.9,5.5
01-01-1950,6.5,6.4,6.9,17.4,14.2,10.4,6,4.1,5.3,5.3
01-02-1950,6.4,6.2,6.8,15.4,14.7,9.9,5.7,4.4,5.3,5.2
01-03-1950,6.3,6.1,6.7,15.2,13.6,8.9,5.7,4.7,5,5.3
01-04-1950,5.8,5.9,5.4,13.9,11,8.4,5.2,4.3,4.6,5.5
01-05-1950,5.5,5.4,5.8,15.5,12.5,8.1,5.3,4.2,4.1,4.7
01-06-1950,5.4,5.1,6.1,13.6,11,7.7,5,3.7,4.1,5.5
01-07-1950,5,4.8,5.6,12.7,10.3,7.2,4.8,3.6,4.1,4.3
01-08-1950,4.5,4.3,4.8,11.4,9.9,6.4,3.9,3.3,3.5,4
01-09-1950,4.4,4.2,5.1,12.6,9.5,7.4,3.7,3.3,3.4,3.8
01-10-1950,4.2,3.9,4.8,11.6,9.4,4.8,3.5,3,3.5,4.1
01-11-1950,4.2,3.7,5.2,11,8.8,5.7,3.8,3.1,3.3,4
01-12-1950,4.3,3.8,5.2,14.2,8.7,5.1,3.8,3.2,3.1,4.2
01-01-1951,3.7,3.3,4.6,9.8,7.9,4.5,3.2,3,2.8,3.8
01-02-1951,3.4,3,4.5,8.7,7.5,3.9,3.1,2.6,2.6,3.8
01-03-1951,3.4,2.7,4.9,10,7.1,4.3,3.1,2.5,2.6,3.1
01-04-1951,3.1,2.5,4.4,9.4,7.2,4.1,2.6,2.2,2.5,3.1
01-05-1951,3,2.5,4.2,7.6,6.2,3.7,2.7,2.3,2.7,2.9
01-06-1951,3.2,2.8,4.3,9.6,7.5,4.1,2.7,2.4,2.8,3.1
01-07-1951,3.1,2.7,4,10.4,7.2,4.1,2.7,2.3,2.6,2.7
01-08-1951,3.1,2.8,3.9,10.6,6,3.5,2.9,2.5,2.8,2.4
01-09-1951,3.3,2.8,4.6,8.7,7.7,4.2,3.2,2.5,3.2,2.7
01-10-1951,3.5,3.1,4.5,8.3,7.2,4.4,3.3,2.6,2.8,3.6
01-11-1951,3.5,3.1,4.5,12.7,7.5,4.7,3.1,2.8,2.6,3.3
01-12-1951,3.1,2.7,4.2,9.1,6.4,3.8,3,2.4,2.6,2.8
01-01-1952,3.2,2.8,3.9,10.5,8.7,4.2,2.9,2.3,2.4,2.5
01-02-1952,3.1,2.8,3.8,10.5,6.6,4.4,2.8,2.6,2.3,2.6
01-03-1952,2.9,2.7,3.5,9.5,7.1,4.4,2.2,2.1,2.5,2.6
01-04-1952,2.9,2.7,3.5,9.2,6.8,4.5,2.6,2.2,2.1,2.6
01-05-1952,3,2.6,3.9,11.5,6.9,4.4,2.5,2.1,2.3,2.7
01-06-1952,3,2.8,3.5,9.6,7.2,4.3,2.4,2.3,2.7,2.5
01-07-1952,3.2,3,3.7,9.7,7.7,4.7,2.8,2.5,2.4,2.8
01-08-1952,3.4,3.2,3.8,9.4,7.5,5,2.9,2.8,2.5,3
01-09-1952,3.1,3,3.3,9.7,8,5.9,2.9,1.9,2.2,2.7
01-10-1952,3,2.6,3.8,10.2,6.9,4.8,2.6,2.3,2.1,2.3
01-11-1952,2.8,2.5,3.4,10.4,6.6,4.1,2.6,2.2,2.1,2.1
01-12-1952,2.7,2.5,3.1,9.6,6.1,4.7,2.2,1.8,1.9,2.3
01-01-1953,2.9,2.8,3.1,9.2,5.5,4,2.8,2.1,2.3,2.5
01-02-1953,2.6,2.4,2.9,7.6,6.1,3.6,2.3,1.7,2.1,2.6
01-03-1953,2.6,2.3,3.2,8.1,5.7,4.2,1.9,2.1,2,2.5
01-04-1953,2.7,2.6,3,8.1,6.7,4.6,2.3,2.1,2,2.4
01-05-1953,2.5,2.5,2.7,7.5,5.6,3.8,2.5,1.9,2.3,2
01-06-1953,2.5,2.4,2.8,7.4,6.7,4.2,2.2,1.9,2.1,2
01-07-1953,2.6,2.5,2.9,8,6.6,3.7,2.1,2,1.9,2.7
01-08-1953,2.7,2.5,3,8.2,6.5,5.2,2.2,2,1.6,2.3
01-09-1953,2.9,2.7,3.4,8.5,6.3,5.1,2.4,2.1,2.6,2.8
01-10-1953,3.1,2.9,3.6,12.7,7.8,4.3,2.9,2.5,2.5,2.4
01-11-1953,3.5,3.4,3.7,9.7,7.9,6,3.4,2.5,2.8,3.1
01-12-1953,4.5,4.2,5.1,11.9,11.6,8.3,4,3.3,3.4,3.5
01-01-1954,4.9,4.4,5.9,11.7,8.9,8.7,4.3,3.7,3.8,3.6
01-02-1954,5.2,4.9,5.9,15.7,10.9,9.2,4.8,4.1,4,3.8
01-03-1954,5.7,5.3,6.4,14.5,10.5,9.2,5.4,4.3,4.5,4.6
01-04-1954,5.9,5.6,6.4,14.3,11,9.8,5.5,4.4,4.8,4.7
01-05-1954,5.9,5.7,6.3,12.8,13.1,9.4,5.9,4.9,4.7,4.7
01-06-1954,5.6,5.3,6.2,11.5,9.4,8.8,5.5,4.9,4.8,4.6
01-07-1954,5.8,5.6,6.3,13,11.8,9.1,5.5,4.7,4.6,4.6
01-08-1954,6,6,6.2,14.9,12.5,9.1,6,4.9,4.5,4.6
01-09-1954,6.1,6,6.4,15.9,11,10.7,5.8,5.7,4.4,4.5
01-10-1954,5.7,5.7,5.8,13.7,9.2,9,6.1,4.6,4.5,4.7
01-11-1954,5.3,5.2,5.6,11.6,10.4,9.6,5,4.1,4.2,4.7
01-12-1954,5,5,5.2,14,10.8,8.2,4.3,4.1,3.9,4.4
01-01-1955,4.9,4.8,5.3,12.3,11.1,8.1,4.1,4,3.7,4.6
01-02-1955,4.7,4.5,5,11.4,10.8,7.5,4.2,3.9,3.4,4.2
01-03-1955,4.6,4.5,4.8,10.9,11,7,4.4,3.8,3.3,3.9
01-04-1955,4.7,4.7,4.7,10.9,10.6,7.2,4.8,3.6,3.9,3.9
01-05-1955,4.3,4,4.7,11.4,10.5,7.2,3.4,3.6,3.1,4
01-06-1955,4.2,3.9,4.7,12.9,9.3,7.3,3.3,3.1,3.3,4.1
01-07-1955,4,3.8,4.6,13,8,7.1,3.2,2.9,3.2,3.7
01-08-1955,4.2,3.9,4.9,14.5,8.9,6.6,3.4,2.9,3.3,4.1
01-09-1955,4.1,3.7,5,11.9,10.6,7.4,3.7,2.9,2.7,3.8
01-10-1955,4.3,3.9,5.1,12,10.5,6.4,3.7,3,3.5,4.5
01-11-1955,4.2,3.9,4.9,12,11.5,5.9,3.5,3.2,3.4,3.7
01-12-1955,4.2,3.8,4.9,13.2,9.3,6.1,3.6,3,3.4,3.8
01-01-1956,4,3.8,4.5,11.8,9.7,6.3,3.7,3,2.8,3.4
01-02-1956,3.9,3.8,4.3,12.5,10.6,5.6,3.3,2.8,3.6,3.4
01-03-1956,4.2,3.8,5.1,11.3,11.7,6.7,3.7,2.9,3.7,3.2
01-04-1956,4,3.6,4.8,11.7,10.2,6.6,3.4,2.9,3.1,3.6
01-05-1956,4.3,3.9,5,14,10.1,6.9,3.7,3,3.2,3.7
01-06-1956,4.3,4,5.1,15.2,9.9,7,4.1,3.2,2.7,3.7
01-07-1956,4.4,3.8,5.7,11.1,11.2,7.2,4.2,3.3,3.2,3.5
01-08-1956,4.1,3.7,4.8,10.5,9.8,6.7,3.7,3.3,3,3.1
01-09-1956,3.9,3.6,4.6,11.2,8.6,6.3,3.8,3,3,3.2
01-10-1956,3.9,3.5,4.7,11.7,8.9,6.8,3.5,2.8,3,3.2
01-11-1956,4.3,4,4.9,13.5,11.4,6.5,3.8,3.1,3.4,3.5
01-12-1956,4.2,3.9,4.7,9.3,9.9,7.3,3.7,3.3,3.4,3.5
01-01-1957,4.2,3.9,4.8,12.7,10.6,6.8,3.6,3.1,3.4,3.2
01-02-1957,3.9,3.6,4.5,11.5,10.1,6.9,3.4,2.8,3.1,3.3
01-03-1957,3.7,3.5,4.3,12.9,10.3,5.6,3.2,2.7,2.9,3.2
01-04-1957,3.9,3.8,4.2,11.3,10.8,6.6,3.7,2.9,2.7,3.1
01-05-1957,4.1,3.8,4.7,10.9,11.6,6.7,3.7,2.7,2.9,3.5
01-06-1957,4.3,4,4.8,12.5,11.6,7.3,3.9,3.2,3.1,3.3
01-07-1957,4.2,3.8,4.8,12.7,10.8,6.3,4,2.9,3,3.3
01-08-1957,4.1,3.9,4.7,12.7,10.5,7.2,3.8,2.8,3.1,3.2
01-09-1957,4.4,4.3,4.6,12.1,10.3,7.2,4,3.4,3.4,3.5
01-10-1957,4.5,4.4,4.6,11.9,10.2,7.4,4.1,3.7,3.6,3.6
01-11-1957,5.1,5.2,5.1,14.7,11.9,9.1,4.6,3.8,4,3.8
01-12-1957,5.2,5.2,5.1,13.7,12.4,8.5,5,4,4,3.9
01-01-1958,5.8,5.7,5.9,13.2,14.7,9.9,5.7,4.5,4.2,4.1
01-02-1958,6.4,6.3,6.6,15.3,14.4,10.8,6.3,5.6,4.8,4.6
01-03-1958,6.7,6.7,6.6,15.2,14.6,11.3,6.8,5.5,5,4.9
01-04-1958,7.4,7.3,7.6,18.6,15.8,12.7,7.6,5.9,5.7,5.2
01-05-1958,7.4,7.5,7.3,17.3,15.2,12.1,7.6,6,5.7,5.1
01-06-1958,7.3,7.4,7.1,16.3,15.2,11.8,7.7,5.9,6,5.2
01-07-1958,7.5,7.6,7.3,18.1,17.6,12.3,7.5,5.9,5.8,5.3
01-08-1958,7.4,7.5,7.2,15.6,16.3,11.8,7.3,5.9,6,5.8
01-09-1958,7.1,7.1,7,17.8,17.8,11.2,6.6,5.6,5.3,5.6
01-10-1958,6.7,6.7,6.7,17.1,15.2,11,6.4,5.2,5.1,5.6
01-11-1958,6.2,6.3,6,15.6,15.4,9.4,6,4.7,4.3,5.2
01-12-1958,6.2,6.2,6.2,16.2,13.9,10.1,6,5,4.4,5.3
01-01-1959,6,5.9,6.2,13.7,13.6,9.8,5.7,4.6,4.4,4.8
01-02-1959,5.9,5.8,6,13.4,12.7,9.9,5.7,4.7,4.4,4.8
01-03-1959,5.6,5.3,6.2,15.3,12.9,9.3,5.3,4.2,4.2,4.5
01-04-1959,5.2,4.8,6.1,16.4,13.8,7.8,4.6,3.9,4,4.3
01-05-1959,5.1,4.8,5.8,14.9,13.5,7,4.7,3.8,3.7,4.4
01-06-1959,5,4.7,5.6,14.5,13.8,8.1,4.4,3.8,3.9,3.9
01-07-1959,5.1,4.9,5.7,15.4,13.6,7.7,4.4,3.9,4,4.3
01-08-1959,5.2,5.1,5.6,16.9,15.4,7.7,4.5,4.1,4.1,3.8
01-09-1959,5.5,5.5,5.6,15.5,14.3,8.7,5.1,4.2,4.1,4.2
01-10-1959,5.7,5.5,6.1,16.2,15.4,8.4,5.2,4.1,4.6,4.5
01-11-1959,5.8,5.9,5.8,15.2,14.6,8.6,5.2,4.9,4.4,4.4
01-12-1959,5.3,5,5.8,15.5,15.3,8.1,5,3.8,3.9,4.3
01-01-1960,5.2,5,5.7,16.3,13.3,8.2,4.6,3.8,3.9,4.2
01-02-1960,4.8,4.6,5.4,13.7,12.9,8.1,4.3,3.5,3.5,3.9
01-03-1960,5.4,5.3,5.8,15.7,15.7,8.5,4.8,3.9,4.1,4.2
01-04-1960,5.2,5,5.5,15.2,13.4,8.5,5,3.7,3.7,4
01-05-1960,5.1,5,5.5,15.9,12,8.4,4.4,4,3.8,3.7
01-06-1960,5.4,5.2,5.7,16.1,13.6,8.3,5.1,4,3.8,4.1
01-07-1960,5.5,5.3,5.8,13.5,14.2,8.6,5.5,4.1,4,4
01-08-1960,5.6,5.6,5.8,16.4,14.5,8.5,5.6,4.1,4.2,4.3
01-09-1960,5.5,5.5,5.7,16.5,12.9,8.4,5.5,4.1,4.1,4
01-10-1960,6.1,5.9,6.4,16.4,15.8,8.6,5.9,4.7,4.8,4.5
01-11-1960,6.1,6,6.5,14.2,14.9,10,6.2,4.8,4.6,4.3
01-12-1960,6.6,6.3,7,16.5,16.4,10.6,6.4,5.1,5.4,4.5
01-01-1961,6.6,6.5,6.9,19.3,15.5,10,6.2,5.1,5.1,4.9
01-02-1961,6.9,6.6,7.3,18.3,16.8,10.5,6.7,5.3,5.4,4.9
01-03-1961,6.9,6.6,7.4,17.8,17,10.8,6.3,5.4,5.1,5.2
01-04-1961,7,6.8,7.4,17.5,15.8,12.9,6.3,5.3,5.1,5.5
01-05-1961,7.1,6.9,7.4,16.6,15.5,11.1,6.7,5.8,5.4,5.5
01-06-1961,6.9,6.5,7.6,17.8,16.2,10.6,6.5,5.5,5.3,5.5
01-07-1961,7,6.6,7.7,19,15.8,10.6,6.5,5.2,5.4,5.9
01-08-1961,6.6,6.4,7,18.7,15.8,10,6.1,5.3,4.6,5.6
01-09-1961,6.7,6.3,7.3,19.7,16.5,9.7,5.8,5.1,4.8,5.7
01-10-1961,6.5,6.1,7.2,18.6,15.7,9.9,6.1,5,4.5,5.3
01-11-1961,6.1,5.8,6.6,19,14.1,9.1,6,4.5,4.5,4.7
01-12-1961,6,5.7,6.4,17.5,13.7,9.6,5.2,4.6,4.4,4.9
01-01-1962,5.8,5.4,6.7,17.2,15.1,9.2,5.3,4.4,4,4.5
01-02-1962,5.5,5.2,6.2,18.1,14.7,8.4,4.8,4.1,4.2,4
01-03-1962,5.6,5.2,6.3,16.9,14.1,9.1,5.1,4.1,4.1,3.9
01-04-1962,5.6,5.2,6.2,16,14.9,8.5,5.3,4.4,4.2,3.8
01-05-1962,5.5,5.2,6,16.4,12.9,8.7,5,4,4.1,4.3
01-06-1962,5.5,5.3,5.8,17,11.5,8.3,5,4.4,4.1,4.1
01-07-1962,5.4,5.1,6.1,15.2,13,9.2,5,4.3,3.8,3.9
01-08-1962,5.7,5.3,6.4,15.3,13.2,10.3,5.2,4.3,3.9,4.3
01-09-1962,5.6,5.2,6.3,14.4,13.9,9.2,5.1,4.1,4.1,4.5
01-10-1962,5.4,5,6.1,15.2,13.6,9,5,3.8,3.3,4.7
01-11-1962,5.7,5.3,6.3,17.5,15.3,9,5,4,4,4.7
01-12-1962,5.5,5.1,6.2,16.1,13.2,8.8,5.1,3.7,4.3,4.5
01-01-1963,5.7,5.4,6.4,16.2,15.3,8.7,5.3,4.1,4.4,4.2
01-02-1963,5.9,5.7,6.5,21.1,15.8,8.7,5.7,4.4,3.9,4.4
01-03-1963,5.7,5.4,6.2,19.7,15.4,8.5,5.3,4.2,4,4
01-04-1963,5.7,5.4,6.2,19.6,15.1,8.8,5.1,4,4,4.2
01-05-1963,5.9,5.4,6.7,20.7,17.3,8.5,5.3,4,4.1,4.4
01-06-1963,5.6,5.1,6.4,19.8,15.1,8.8,4.9,3.9,3.6,4.2
01-07-1963,5.6,5.1,6.6,20.1,16.5,8.9,4.8,4,3.8,3.9
01-08-1963,5.4,4.9,6.3,17.7,14.9,8.9,5,3.8,3.9,3.6
01-09-1963,5.5,4.9,6.6,19,15.6,9.1,5,3.4,3.7,3.8
01-10-1963,5.5,5,6.6,19.2,15.4,9.3,4.9,3.8,3.5,3.9
01-11-1963,5.7,5.3,6.6,19.6,16.1,8.8,5.7,4.2,3.5,4.1
01-12-1963,5.5,5,6.4,19.1,14.3,8.6,5.1,4.2,3.3,4.2
01-01-1964,5.6,5,6.6,18.9,15.2,9.1,4.8,3.9,3.8,4
01-02-1964,5.4,4.8,6.5,17.6,14.5,9.1,4.5,3.9,3.5,4.2
01-03-1964,5.4,4.8,6.6,18.1,15,8.7,4.5,3.8,3.6,4
01-04-1964,5.3,4.8,6.4,19.5,15.4,8.5,4.4,3.8,3.8,3.9
01-05-1964,5.1,4.5,6.3,17.8,15.2,8.3,4.1,3.6,3.3,3.7
01-06-1964,5.2,4.7,6.2,18.5,14.7,8.3,4.4,3.3,3.6,3.7
01-07-1964,4.9,4.4,6,15.8,13.6,8,4,3.4,3.5,3.5
01-08-1964,5,4.5,5.9,18.3,15.5,8,4,3.3,3.5,3.6
01-09-1964,5.1,4.6,6,16.4,14.6,8,4,3.4,3.2,4
01-10-1964,5.1,4.5,6.1,17,14.7,8.5,4.1,3.6,3.3,3.8
01-11-1964,4.8,4.3,5.9,16.2,15,7.6,4.2,3.5,3.2,3.2
01-12-1964,5,4.3,6.2,18.8,15.8,7.5,4.4,3.5,3.1,3
01-01-1965,4.9,4.3,5.9,19.6,14.8,7.4,4.2,3.5,3,3.1
01-02-1965,5.1,4.3,6.4,18.8,15.3,7.5,4.4,3.6,3.1,3.5
01-03-1965,4.7,4.1,5.9,16.9,14.8,7.2,4,3.3,3,3.3
01-04-1965,4.8,4.3,5.9,17.7,15.5,7.5,4,3.4,2.6,3.5
01-05-1965,4.6,4.1,5.5,15.9,14.3,7.2,3.5,3.8,2.8,3
01-06-1965,4.6,3.9,5.7,16.3,14.7,7,3.4,3.4,2.7,3.4
01-07-1965,4.4,3.9,5.3,16.5,13,6.5,3.7,2.9,2.8,3.1
01-08-1965,4.4,3.9,5.2,16,12.5,6.4,3.4,3.1,2.9,3.3
01-09-1965,4.3,3.7,5.4,16.8,12.7,5.7,3.7,3,2.6,2.9
01-10-1965,4.2,3.7,5.1,15.7,13.3,5.7,3.3,3,2.6,2.9
01-11-1965,4.1,3.4,5.4,15.8,11.1,6.4,3.3,2.9,2.5,3
01-12-1965,4,3.4,5.1,15.9,11.7,5.9,3.3,2.8,2.4,2.7
01-01-1966,4,3.4,5,15.1,11.5,5.5,3.4,2.7,2.3,2.8
01-02-1966,3.8,3.3,4.7,14.5,11.1,5,3,2.6,2.4,2.8
01-03-1966,3.8,3.3,4.8,16.1,11,5.4,3.3,2.4,2.3,2.7
01-04-1966,3.8,3.1,4.8,15.4,11.6,5.4,3.1,2.4,2.2,2.5
01-05-1966,3.9,3.2,5.2,16.3,11.8,5.6,3.1,2.4,2.3,2.8
01-06-1966,3.8,3.2,4.9,15,11.8,5.5,3.1,2.5,2.3,2.4
01-07-1966,3.8,3.2,4.8,14.8,11.7,4.6,3.2,2.5,2.3,2.8
01-08-1966,3.8,3.2,4.9,14.3,11.2,5.4,3.1,2.7,2.3,2.6
01-09-1966,3.7,3.1,4.7,14.7,11.1,5,2.9,2.4,2.2,2.5
01-10-1966,3.7,3,4.9,14.4,11.1,5,2.8,2.7,2.2,2.5
01-11-1966,3.6,3.1,4.6,13.3,10.7,5.1,2.7,2.8,2.3,2.4
01-12-1966,3.8,3.2,4.8,13.8,10.9,5.9,2.8,2.5,2.6,2.6
01-01-1967,3.9,3,5.4,14.2,10.6,5.9,3.2,2.5,2.4,2.9
01-02-1967,3.8,3,5.2,15.6,11,5,3.1,2.5,2.6,2.4
01-03-1967,3.8,3,5.1,13.5,10.5,5.5,3.1,2.6,2.5,2.6
01-04-1967,3.8,3.1,4.9,13.9,10.7,5.4,3.1,2.6,2.3,2.5
01-05-1967,3.8,3.2,5,14.5,11.3,5.5,3.1,2.4,2.4,2.6
01-06-1967,3.9,3.2,5.1,14.6,11.6,5.7,3.3,2.6,2.7,2.2
01-07-1967,3.8,3,5.1,14.5,11.6,6,3.3,2.4,2.2,2.3
01-08-1967,3.8,3.1,4.9,15,12.1,5.4,3,2.4,2.1,2.6
01-09-1967,3.8,2.9,5.3,14.1,11.8,6.1,3.1,2.5,2.2,2.2
01-10-1967,4,3.1,5.6,15,12.9,5.8,3.3,2.7,2.3,2.4
01-11-1967,3.9,3.1,5.2,15.6,12.5,5.7,3.2,2.5,2.4,2.6
01-12-1967,3.8,3.1,5.1,14.9,11.8,6.1,3.3,2.5,2.2,2.4
01-01-1968,3.7,3,5,14.4,10.6,6,2.9,2.6,2.1,2.6
01-02-1968,3.8,3.1,5.1,15.3,11.1,6.2,3.2,2.5,2.1,2.4
01-03-1968,3.7,3,4.8,15.1,11.2,6.1,3,2.4,1.9,2.3
01-04-1968,3.5,2.8,4.7,13.3,10.6,5.5,2.7,2.3,2.1,1.9
01-05-1968,3.5,2.7,4.7,15.1,10.5,5.6,2.9,2.1,1.7,2.1
01-06-1968,3.7,3,4.9,15.9,12.1,6.5,2.8,2.1,1.8,2.3
01-07-1968,3.7,2.9,5,15.8,12,5.4,3.1,2.2,1.9,2.2
01-08-1968,3.5,2.8,4.7,13.4,11,6,2.9,2.1,1.8,2
01-09-1968,3.4,2.7,4.5,13.2,11.1,5.5,2.6,2.1,2,2
01-10-1968,3.4,2.7,4.5,13.4,10.9,5.7,2.8,1.9,1.8,2
01-11-1968,3.4,2.7,4.6,14,11.1,5.7,2.5,2.2,1.9,2.2
01-12-1968,3.4,2.7,4.6,15,11.1,5.6,2.6,1.9,1.9,2
01-01-1969,3.4,2.7,4.6,13.8,10.9,5.5,2.6,2.1,2.1,2
01-02-1969,3.4,2.6,4.6,13.1,10.9,5.5,2.6,2.1,1.9,2.1
01-03-1969,3.4,2.7,4.6,14,11.1,5.5,2.7,2,1.8,1.9
01-04-1969,3.4,2.6,4.7,13.6,10.7,5.6,2.7,2.1,1.9,1.9
01-05-1969,3.4,2.6,4.6,14.3,10.9,5.4,2.6,2.3,1.9,1.7
01-06-1969,3.5,2.7,4.8,14.3,10.5,5.6,2.9,2.2,1.8,1.9
01-07-1969,3.5,2.9,4.6,15.1,10.7,5.7,2.8,2.2,1.9,2
01-08-1969,3.5,2.8,4.8,15.5,9.7,5.4,2.9,2.2,1.9,2.1
01-09-1969,3.7,3.1,4.9,15.3,10.6,6.2,3,2.4,1.9,2.2
01-10-1969,3.7,3,5,15.3,10.6,6,2.9,2.1,2,2.2
01-11-1969,3.5,2.9,4.5,14.5,9.5,5.8,3,2.2,1.9,2
01-12-1969,3.5,3,4.5,14,10.2,5.9,2.8,2.1,2,2.1
01-01-1970,3.9,3.3,4.9,16.1,11.3,6.4,3.2,2.3,2.1,2.1
01-02-1970,4.2,3.6,5.1,15.5,11.6,7.4,3.5,2.6,2.3,2.4
01-03-1970,4.4,3.7,5.6,15.7,11.7,6.9,3.5,3,2.7,2.7
01-04-1970,4.6,4,5.5,17,13,7.5,3.9,2.8,2.5,2.7
01-05-1970,4.8,4.2,5.7,16,13,7.8,4,3,2.7,3.1
01-06-1970,4.9,4.5,5.7,17.4,14.6,7.8,4.4,3,2.7,2.8
01-07-1970,5,4.6,5.8,15.9,13.9,8.5,4.5,3.1,3.2,2.9
01-08-1970,5.1,4.6,6,17,14.9,8.4,4.5,3.2,3,2.8
01-09-1970,5.4,4.8,6.3,18.7,14.5,9.3,4.3,3.3,3,3.1
01-10-1970,5.5,5,6.4,18.5,15.3,9.1,4.7,3.7,3.1,3.1
01-11-1970,5.9,5.2,6.9,18.6,16.5,9.8,5.1,3.8,3.4,3.3
01-12-1970,6.1,5.6,6.9,19.4,15.5,10,5.4,4.3,3.4,3.5
01-01-1971,5.9,5.4,6.8,18.9,15.4,9.8,5.3,4,3.2,3.7
01-02-1971,5.9,5.3,6.8,16.9,15.7,10,5.2,3.8,3.3,3.6
01-03-1971,6,5.3,7.1,18.2,16.1,10.1,5.4,3.6,3.4,3.4
01-04-1971,5.9,5.2,7,17.9,15.1,10,5.2,3.8,3.4,3.5
01-05-1971,5.9,5.3,6.9,18.4,15.5,10.5,5.2,3.7,3.3,3.4
01-06-1971,5.9,5.3,6.9,19.7,15.5,10.4,5,3.8,3.3,3.2
01-07-1971,6,5.4,7,20.1,15.9,9.7,5.3,4,3.5,3.1
01-08-1971,6.1,5.5,7,19.3,15.3,10.1,5.2,4.1,3.5,3.4
01-09-1971,6,5.4,6.9,18.3,15.8,9.7,5.3,3.9,3.6,3.2
01-10-1971,5.8,5.2,6.8,19.4,15.1,9.5,5.4,4,3.3,2.9
01-11-1971,6,5.4,7,18.4,15.7,10.4,5.5,3.8,3.3,3.4
01-12-1971,6,5.5,6.8,18.9,15.4,9.9,5.3,3.9,3.5,3.4
01-01-1972,5.8,5.3,6.7,18.1,16,9.9,5,3.6,3.2,3.2
01-02-1972,5.7,5.3,6.4,20,16.4,9.2,4.8,3.3,3,3.2
01-03-1972,5.8,5.3,6.7,20,15.3,9.8,4.4,3.8,3.1,3.3
01-04-1972,5.7,5.1,6.7,18.8,15,9.6,4.7,3.6,3,3.6
01-05-1972,5.7,5.1,6.6,16.6,14.3,9.5,4.8,3.7,3.1,3.5
01-06-1972,5.7,4.9,6.8,17.1,14.3,9.1,4.9,3.6,3.2,3.5
01-07-1972,5.6,4.8,7,17.5,14.2,9.7,4.6,3.7,3.1,3.4
01-08-1972,5.6,4.9,6.9,20,14.1,9.1,4.5,3.7,3,3.5
01-09-1972,5.5,4.8,6.7,19.8,14.1,9.2,4.6,3.5,2.8,3.2
01-10-1972,5.6,4.8,6.8,18.1,14,9.6,4.6,3.4,3,3.5
01-11-1972,5.3,4.6,6.2,18.4,13.7,8.7,4.2,3.3,2.8,2.8
01-12-1972,5.2,4.5,6.2,17.8,14,8.5,4.3,2.9,2.7,3
01-01-1973,4.9,4.2,6.1,16.7,11.6,8.1,4.4,3,2.7,2.8
01-02-1973,5,4.3,6.2,17.8,13.1,8,4.2,2.9,2.8,2.8
01-03-1973,4.9,4.3,6,17.1,12.1,7.8,4.3,2.9,2.7,2.6
01-04-1973,5,4.3,6.1,19.1,12.7,8,4.2,2.7,2.8,2.5
01-05-1973,4.9,4.3,5.7,17.6,12.9,7.8,4.5,2.7,2.3,2.5
01-06-1973,4.9,4.1,6,17.5,10.5,8,4.5,2.7,2.5,2.6
01-07-1973,4.8,4,6,16.4,12.5,8.1,4.2,2.5,2.3,2.8
01-08-1973,4.8,4.1,6,16.2,12.7,7.9,4.4,2.6,2.4,2.7
01-09-1973,4.8,4,6.1,17.8,12.5,8.1,4.1,2.7,2.2,2.7
01-10-1973,4.6,3.9,5.7,17,12.5,7.1,4,2.4,2.3,2.7
01-11-1973,4.8,4.1,6,17.7,12.9,7.4,4.1,2.7,2.4,2.7
01-12-1973,4.9,4.2,6.1,17,12.8,7.7,4.2,2.9,2.6,2.6
01-01-1974,5.1,4.4,6.2,18,12.2,8.3,4.3,2.9,2.6,2.8
01-02-1974,5.2,4.5,6.2,17.6,12.8,8.4,4.4,3,2.7,2.8
01-03-1974,5.1,4.4,6.1,17.9,12.7,8,4.4,2.8,2.7,2.6
01-04-1974,5.1,4.5,6,16.5,12.7,8,4.7,3.1,2.6,2.6
01-05-1974,5.1,4.4,6.3,17.6,13.8,8.6,4.2,3.1,2.5,2.7
01-06-1974,5.4,4.6,6.5,18.8,14,8.7,4.3,3.2,2.6,2.7
01-07-1974,5.5,4.7,6.8,18.8,15.2,9,4.6,3.1,2.6,2.8
01-08-1974,5.5,4.8,6.5,16.6,14,9.7,4.6,3.3,2.6,3.2
01-09-1974,5.9,5,7.1,18.8,15.9,9.6,4.8,3.6,3.2,3.1
01-10-1974,6,5.3,7.1,18.9,15.8,9.3,5.4,3.6,3.1,3.1
01-11-1974,6.6,5.8,7.9,20,16.2,10.5,5.9,4.1,3.7,3.2
01-12-1974,7.2,6.4,8.3,21.1,15.8,11.6,6.4,4.6,4,3.8
01-01-1975,8.1,7.3,9.2,21,18.4,12.2,7.3,5.5,4.9,4.2
01-02-1975,8.1,7.4,9.1,21.1,18.1,13.1,7.4,5.4,4.7,4.5
01-03-1975,8.6,7.9,9.6,21.4,18.9,13.8,7.9,5.8,5.1,4.6
01-04-1975,8.8,8.2,9.6,21.3,18.9,14.4,8.2,6.2,5.2,4.9
01-05-1975,9,8.4,9.8,21.5,19.8,14.7,8.4,6,5.7,5
01-06-1975,8.8,8.3,9.4,21.5,20.2,13.3,8.5,5.8,5.6,4.9
01-07-1975,8.6,8.2,9.3,21.4,19.9,13.9,8.1,5.3,5.5,4.9
01-08-1975,8.4,7.9,9.2,22.2,19.7,13.5,7.6,5.6,5.4,4.7
01-09-1975,8.4,8,9,22.1,17.7,13.9,7.8,5.5,5.5,4.6
01-10-1975,8.4,7.8,9.2,22,18.2,13.7,7.6,5.6,5.5,4.9
01-11-1975,8.3,7.8,9,20.3,18,13.6,7.5,5.6,5,4.8
01-12-1975,8.2,7.6,9.1,20.9,18.9,12.9,7.3,5.3,5,5
01-01-1976,7.9,7.3,8.9,21,18.4,12.7,7.1,5,4.5,4.6
01-02-1976,7.7,7,8.8,21.4,17.5,11.9,7.1,5,4.3,4.6
01-03-1976,7.6,6.9,8.6,19.6,18.4,11.9,6.7,4.7,4.3,4.7
01-04-1976,7.7,7,8.6,21,18.2,12,6.6,4.9,4.3,4.6
01-05-1976,7.4,6.9,8.1,21.7,16.5,11.5,6.8,4.5,4.2,4.3
01-06-1976,7.6,7.1,8.4,21.9,16.4,11.9,7.1,4.8,4.3,4.8
01-07-1976,7.8,7.1,8.8,20.6,16.5,11.5,7.3,5.2,4.8,4.9
01-08-1976,7.8,6.9,9,21.6,18.2,12,7.2,4.9,4.4,4.7
01-09-1976,7.6,7,8.7,20.7,17.1,11.7,7.3,5.1,4.5,4.7
01-10-1976,7.7,7,8.7,21.4,17.2,12.4,7.2,4.9,4.4,4.5
01-11-1976,7.8,7.3,8.7,21.7,17.4,12.3,7.2,4.8,4.6,4.5
01-12-1976,7.8,7.2,8.5,20.7,17.8,12.1,7.2,4.9,4.8,4.2
01-01-1977,7.5,6.8,8.5,21.2,17.2,11.4,6.9,4.5,4.5,4.3
01-02-1977,7.6,7,8.6,20,17.4,12,6.9,4.8,4.3,4.7
01-03-1977,7.4,6.6,8.6,21.4,16.7,11.4,6.8,4.7,4.4,4.3
01-04-1977,7.2,6.4,8.4,19.3,16.9,11,6.8,4.3,4.1,4.1
01-05-1977,7,6.4,7.9,20.2,16.1,11,6.3,4.4,4,4.1
01-06-1977,7.2,6.4,8.4,22.2,16.8,10.9,6.5,4.5,4.1,3.9
01-07-1977,6.9,6.1,8,19.7,15.8,10.7,6.4,4.4,3.6,3.9
01-08-1977,7,6.2,8.1,19.8,15.6,11.3,6.3,4.3,3.9,3.8
01-09-1977,6.8,5.8,8.1,20,16.5,10.7,6.2,4.1,3.6,4
01-10-1977,6.8,6,7.9,19,15.9,10.4,6.4,4.2,3.6,4.2
01-11-1977,6.8,5.8,8.1,19.2,15.8,10.5,6.1,4.3,3.5,4
01-12-1977,6.4,5.5,7.5,17.6,14,10.1,5.9,3.8,3.5,3.9
01-01-1978,6.4,5.6,7.6,18.8,14.9,10.6,5.7,3.9,3.4,3.5
01-02-1978,6.3,5.6,7.2,20.7,14.8,10.3,5.3,3.7,3.3,3.3
01-03-1978,6.3,5.6,7.2,19.9,15.5,10.3,5.5,3.8,3.2,3.2
01-04-1978,6.1,5.3,7.1,19.4,14.5,10.1,5.4,3.5,3,3.2
01-05-1978,6,5.2,7.2,18.6,14,9.2,5.4,4,3.4,3.2
01-06-1978,5.9,4.9,7.2,18,13.6,9.4,5,3.7,3.3,3.1
01-07-1978,6.2,5.1,7.6,20.2,13.8,9.9,5.3,3.7,3.4,3.1
01-08-1978,5.9,5,7.2,18.6,13.4,9.2,5.4,3.7,3.2,2.9
01-09-1978,6,5.1,7.2,19.5,14,9.4,5.2,3.5,3.4,3.3
01-10-1978,5.8,5.1,6.7,19.2,13.9,8.7,5.1,3.6,3.3,3.1
01-11-1978,5.9,5,7,19,14.1,9.2,5.2,3.5,3,3
01-12-1978,6,5.3,7,19.9,14.3,9.2,5.4,3.7,3.2,3
01-01-1979,5.9,5.1,6.9,18.6,14,8.8,5.4,3.7,3.1,2.9
01-02-1979,5.9,5.2,6.9,18.6,14.3,9,5.4,3.5,3.3,3.1
01-03-1979,5.8,5.1,6.8,18.9,13.8,9,5.3,3.4,3.3,3.2
01-04-1979,5.8,5.1,6.8,18.7,14.5,8.7,5.1,3.5,3.5,3
01-05-1979,5.6,4.8,6.7,18.2,14.4,8.9,4.9,3.4,3,3.1
01-06-1979,5.7,4.9,6.8,17.8,14.4,8.9,5,3.4,3.1,2.9
01-07-1979,5.7,5.1,6.6,17.4,14.2,9.1,5,3.3,3.1,3.1
01-08-1979,6,5.2,7.1,18.1,15.4,9.6,5.3,3.8,3.1,3.1
01-09-1979,5.9,5.2,6.7,17.3,16.1,9.4,4.9,3.8,3.2,2.9
01-10-1979,6,5.3,6.9,18.5,15.1,9.5,5.1,3.7,3.3,3.1
01-11-1979,5.9,5.3,6.7,17,14.9,9,5.4,3.7,3.2,2.9
01-12-1979,6,5.3,6.8,18.3,14.8,10,5.2,3.7,3.1,2.8
01-01-1980,6.3,5.8,6.9,19.2,14.3,10.2,5.6,3.9,3.4,3.4
01-02-1980,6.3,5.8,7,18.9,15.1,10,5.8,4.1,3.4,2.9
01-03-1980,6.3,5.9,6.9,18.1,15.2,10,6.2,4.1,3.6,2.9
01-04-1980,6.9,6.7,7.2,18.5,14.7,11.2,7,4.4,3.8,3.3
01-05-1980,7.5,7.4,7.5,20.7,17,12.4,7.2,4.8,3.9,3.4
01-06-1980,7.6,7.6,7.6,20,18,12.2,7.4,4.8,4.2,3.3
01-07-1980,7.8,7.8,7.8,21,17.4,12.4,7.6,5.2,4.4,3.4
01-08-1980,7.7,7.7,7.8,22.1,16.7,12.2,7.6,5.3,4.5,3.4
01-09-1980,7.5,7.6,7.3,20.1,16.6,12.2,7.6,4.8,4.2,3.5
01-10-1980,7.5,7.4,7.7,20.9,16.7,12.3,7.5,4.8,4.2,3.3
01-11-1980,7.5,7.3,7.6,21.2,16.5,12.1,7.1,4.5,4.5,3.4
01-12-1980,7.2,6.9,7.6,19.7,16.4,11.5,7.1,4.7,4.1,3.5
01-01-1981,7.5,7.2,7.8,21.4,17.4,11.9,7.2,4.8,4.1,3.5
01-02-1981,7.4,7.3,7.7,21.6,17.8,11.8,7,4.9,4.1,3.6
01-03-1981,7.4,7.1,7.7,21.9,17.6,11.7,6.9,5,4,3.7
01-04-1981,7.2,6.9,7.6,21.2,17.4,11.9,6.7,5,3.6,3.3
01-05-1981,7.5,7.3,7.8,20.9,17.7,12.8,7.3,4.5,3.9,3.4
01-06-1981,7.5,7.3,7.8,22.9,17.8,12.2,7,4.8,4.2,3.3
01-07-1981,7.2,6.9,7.7,19.7,17.5,11.6,7,4.6,4.2,3.5
01-08-1981,7.4,7.2,7.7,20.5,17.6,12.1,7.1,4.6,4.4,3.5
01-09-1981,7.6,7.2,8.1,21,18.8,12.3,7.2,5,4.1,3.8
01-10-1981,7.9,7.7,8.3,21.5,19.6,12.6,7.7,5.3,4.4,3.8
01-11-1981,8.3,8.1,8.4,22.7,20.4,12.8,8,5.7,4.6,3.7
01-12-1981,8.5,8.5,8.5,21.5,21,13.5,8.4,6,4.9,4.1
01-01-1982,8.6,8.7,8.5,22.7,21.5,13.5,8.3,6,5,4.2
01-02-1982,8.9,8.8,8.9,23.4,22.2,14,8.4,6.2,5.1,4.4
01-03-1982,9,9.1,8.9,23.2,21.2,14.2,8.9,6.4,5.5,4.7
01-04-1982,9.3,9.4,9.3,24,22.1,14.6,9.3,6.4,5.3,5
01-05-1982,9.4,9.4,9.3,24.9,21.3,14.3,9.5,6.6,5.6,4.9
01-06-1982,9.6,9.8,9.2,24.3,22.2,14.6,10,6.6,5.2,5.1
01-07-1982,9.8,10,9.6,25.7,22.4,14.8,10.1,6.7,5.8,5.1
01-08-1982,9.8,10.2,9.4,25.5,22.3,15.1,9.9,7,5.7,5.1
01-09-1982,10.1,10.6,9.5,26.3,21.9,15.3,10.6,7.1,6.3,5.1
01-10-1982,10.4,10.9,9.8,25.6,22.5,15.8,10.7,7.6,6.4,5.4
01-11-1982,10.8,11.1,10.2,26.6,22.8,16.4,10.8,8.1,6.6,5.5
01-12-1982,10.8,11.2,10.4,27.1,22.4,16.3,11,8.5,6.4,5.7
01-01-1983,10.4,10.7,10.1,24.7,22.2,16,10.6,7.8,6.5,5.5
01-02-1983,10.4,10.9,9.9,24.2,22,16.2,10.6,7.8,6.6,5.6
01-03-1983,10.3,10.7,9.8,25.1,22.6,15.6,10.7,7.5,6.5,5.4
01-04-1983,10.2,10.7,9.5,25.6,22,15.4,10.1,7.4,6.8,5.8
01-05-1983,10.1,10.5,9.5,25.9,20.9,15.2,10.1,7.6,6.8,5.4
01-06-1983,10.1,10.1,9.9,26.4,22.8,14.6,10.1,7.4,6.4,5.5
01-07-1983,9.4,9.8,9,25.1,20.8,13.8,9.4,7.1,6,5.2
01-08-1983,9.5,9.8,9,24.8,21.7,14.4,9.4,6.7,6.2,5
01-09-1983,9.2,9.5,8.7,23.9,20.3,13.8,9.3,6.7,5.8,5
01-10-1983,8.8,9.1,8.5,23.7,20,13.6,8.8,6.3,5.6,4.8
01-11-1983,8.5,8.6,8.2,21.9,19.4,13,8.5,5.9,5.3,4.8
01-12-1983,8.3,8.3,8.3,22.5,18.4,12.4,8.3,5.7,5.5,4.9
01-01-1984,8,8.1,7.9,22.2,17.9,12.5,8,5.5,5.1,4.7
01-02-1984,7.8,7.8,7.8,22.3,17.7,11.7,7.9,5.4,5,4.4
01-03-1984,7.8,7.7,7.8,22.8,18,11.8,7.8,5.3,4.8,4.3
01-04-1984,7.7,7.7,7.8,21.9,17.6,12.1,7.6,5.6,4.8,4.4
01-05-1984,7.4,7.3,7.6,20.4,17.6,11.1,7.2,5.3,5,4.5
01-06-1984,7.2,7.1,7.4,20.6,17.1,10.7,6.9,5.2,4.4,4.6
01-07-1984,7.5,7.4,7.6,20.7,16.6,11.2,7.3,5.4,4.9,4.4
01-08-1984,7.5,7.3,7.8,21.7,17.1,11.8,7,5.6,4.7,4.5
01-09-1984,7.3,7.3,7.4,21.3,17.7,11.4,6.6,5.5,4.9,4.3
01-10-1984,7.4,7.1,7.7,19.7,17.7,11.1,6.8,5.4,4.8,4.6
01-11-1984,7.2,7,7.4,19.7,16.8,10.9,6.9,5,4.9,4.4
01-12-1984,7.3,7.2,7.4,20.9,17.5,11.1,6.9,5.1,5,4.1
01-01-1985,7.3,7.1,7.6,21,17.5,11,7.1,5.3,4.9,4.3
01-02-1985,7.2,7.1,7.4,19.9,17.2,11.3,7,5.2,4.8,4
01-03-1985,7.2,7,7.5,21,16.3,11.2,6.9,5.3,5,3.9
01-04-1985,7.3,7.1,7.5,20.5,15.6,11,7.3,5.2,5.2,4.1
01-05-1985,7.2,6.9,7.6,20.9,16.8,11.2,7,5.2,4.4,4.2
01-06-1985,7.4,7.2,7.5,21.6,16.6,11.1,7.1,5.6,4.7,4.4
01-07-1985,7.4,7.2,7.6,22.2,18.4,11.1,6.9,5.2,4.8,4.5
01-08-1985,7.1,6.9,7.3,19.3,16.9,11,7,5.1,4.6,4.2
01-09-1985,7.1,6.9,7.4,20.3,16.4,10.9,7.1,5.1,4.7,4
01-10-1985,7.1,7.1,7.3,22.7,17.8,11.1,6.9,4.8,4.6,3.9
01-11-1985,7,6.9,7.2,20.8,16.7,11.1,6.9,4.9,4.2,3.8
01-12-1985,7,6.8,7.2,21.4,17.5,10.7,6.7,4.9,4.6,3.9
01-01-1986,6.7,6.5,6.9,20.6,16.6,10.4,6.3,4.7,4.6,3.9
01-02-1986,7.2,7,7.4,21.2,17,10.9,7.1,5.3,4.4,4.3
01-03-1986,7.2,7,7.4,19.9,16.9,10.7,7,5.2,4.6,4.2
01-04-1986,7.1,6.9,7.4,20.7,18,10.8,7.1,5.2,4.5,3.9
01-05-1986,7.2,7.1,7.3,20.7,17.2,11.2,7.1,5.2,4.7,3.6
01-06-1986,7.2,7.1,7.3,20.8,18.4,10.6,7,5.3,4.9,3.8
01-07-1986,7,7.1,7,20.1,17,10.7,7.1,5,4.5,3.9
01-08-1986,6.9,6.9,6.9,19.8,16.9,10.5,6.8,4.9,4.5,3.8
01-09-1986,7,7.1,6.9,20.5,17.2,11.1,6.9,4.9,4.4,3.9
01-10-1986,7,7,6.9,18.9,16.5,10.6,7,5.1,4.3,4.1
01-11-1986,6.9,6.9,6.9,20.5,16.4,10,7,5.1,4.2,3.8
01-12-1986,6.6,6.7,6.5,19,16.2,10.7,6.7,4.7,4.1,3.4
01-01-1987,6.6,6.7,6.6,19.7,16.1,10.6,6.8,4.8,4,3.2
01-02-1987,6.6,6.6,6.6,19.8,16.5,10.5,6.5,4.7,4.4,3
01-03-1987,6.6,6.5,6.7,20.2,16.2,10.2,6.4,4.9,4.2,3.5
01-04-1987,6.3,6.3,6.3,19.2,15.7,10.1,6.2,4.5,4,3.5
01-05-1987,6.3,6.4,6.2,21.5,14.6,9.8,6.1,4.4,3.9,3.5
01-06-1987,6.2,6.3,6,19.3,14.8,10,5.9,4.4,4.1,3.2
01-07-1987,6.1,6.1,6,17.5,14.3,9.7,5.9,4.6,4,3.1
01-08-1987,6,6.1,6,17.6,14.7,9.4,5.8,4.4,4,3.3
01-09-1987,5.9,5.8,6,17.8,15.4,9.4,5.6,4.5,3.7,3.4
01-10-1987,6,5.9,6.1,20.3,14.8,8.8,5.6,4.6,4.1,3.2
01-11-1987,5.8,5.7,6,19.3,14.7,8.8,5.7,4.1,3.8,3.4
01-12-1987,5.7,5.7,5.8,17.5,14.8,8.5,5.8,4.2,3.5,3.1
01-01-1988,5.7,5.7,5.8,18.3,14.2,9,5.6,4.2,3.5,3.4
01-02-1988,5.7,5.6,5.9,17.4,14,8.9,5.5,4.3,3.7,3.2
01-03-1988,5.7,5.7,5.7,18.1,15.8,9.2,5.5,4.1,3.2,3.1
01-04-1988,5.4,5.3,5.6,18.3,14.1,8.7,5.3,3.9,3.4,3
01-05-1988,5.6,5.6,5.6,16.8,14.6,9.1,5.3,4.2,3.3,3.3
01-06-1988,5.4,5.4,5.4,16.1,13.1,8.4,5.5,3.7,3.3,3
01-07-1988,5.4,5.3,5.5,17.3,13.2,8.6,5.3,3.9,3.5,3
01-08-1988,5.6,5.6,5.6,17.5,13.8,8.5,5.6,4,3.4,3.1
01-09-1988,5.4,5.3,5.5,19.9,12.9,8.2,5.5,3.7,3.6,2.9
01-10-1988,5.4,5.4,5.4,17.2,13.5,8.5,5.4,3.8,3.3,2.8
01-11-1988,5.3,5.3,5.3,15.6,12.6,8.5,5.6,3.8,3.5,2.8
01-12-1988,5.3,5.3,5.3,16.5,13.6,8.6,5.1,3.8,3.5,3.1
01-01-1989,5.4,5.4,5.4,18.2,15,9.2,5,3.8,3.5,3
01-02-1989,5.2,5.2,5.1,18.2,12.6,8.2,5,3.8,3.1,3
01-03-1989,5,4.9,5.2,15.8,12.9,8,5,3.6,3.3,2.7
01-04-1989,5.2,5.2,5.3,15.8,13.9,8.4,5.3,3.8,3.3,2.9
01-05-1989,5.2,5,5.4,16.1,14.4,8,5.4,3.6,2.9,3
01-06-1989,5.3,5.1,5.6,17.7,14.7,8.7,5.2,3.4,3,3.3
01-07-1989,5.2,5,5.6,17.4,12.1,8.7,5.2,3.8,3.1,3.1
01-08-1989,5.2,5.1,5.4,17.1,12.7,8.8,4.9,3.8,3.1,3
01-09-1989,5.3,5.4,5.2,17.2,14.4,8.8,5.3,4,2.9,3
01-10-1989,5.3,5.3,5.4,16.7,13.8,8.7,5.2,3.9,3.3,3
01-11-1989,5.4,5.4,5.4,17.6,13.9,9,5.1,4,3.3,3.3
01-12-1989,5.4,5.3,5.4,18.1,13.7,8.8,5.2,3.9,3.3,3.4
01-01-1990,5.4,5.4,5.3,16,13.8,8.6,5.1,3.8,3.5,3.4
01-02-1990,5.3,5.2,5.4,18.4,12.9,8.4,5.3,3.7,3.2,3.3
01-03-1990,5.2,5.2,5.3,16.7,12.8,8.6,5.2,3.7,3.2,3.2
01-04-1990,5.4,5.4,5.4,17.1,13.5,9.2,5.3,3.8,3.4,3.2
01-05-1990,5.4,5.3,5.4,18.7,13.2,8.6,5.4,3.8,3.3,3
01-06-1990,5.2,5.3,5.2,16.8,13.1,8.3,5.2,4,3.3,2.8
01-07-1990,5.5,5.6,5.4,16.4,13.9,8.5,5.6,4.2,3.3,3.1
01-08-1990,5.7,5.8,5.6,18.5,14.6,9,5.7,4.2,3.5,3.2
01-09-1990,5.9,5.9,5.8,18.6,14.9,9.2,5.8,4.5,3.5,3.3
01-10-1990,5.9,6.1,5.7,18.8,15.2,9.4,5.8,4.5,3.8,3.6
01-11-1990,6.2,6.4,5.9,19.4,15.7,9.4,6.1,4.8,4.3,3.5
01-12-1990,6.3,6.5,5.9,20,15.8,9.2,6.2,4.8,4.4,3.5
01-01-1991,6.4,6.5,6.2,20.6,17.1,9.6,6.3,4.8,4.2,3.5
01-02-1991,6.6,6.9,6.1,18.7,16.6,10.4,6.6,5,4.5,3.8
01-03-1991,6.8,7.2,6.3,20.5,17,10.5,6.9,5.2,4.6,4
01-04-1991,6.7,7.1,6.2,20.6,16.6,10.2,6.8,5.3,4.3,3.8
01-05-1991,6.9,7.2,6.6,19.7,18.7,11,6.9,5.4,4.5,4
01-06-1991,6.9,7.2,6.5,20.2,17.5,11.1,6.9,5.2,4.4,4.2
01-07-1991,6.8,7.2,6.3,22.4,17.3,11.1,6.7,5,4.5,3.9
01-08-1991,6.9,7.2,6.5,22.1,16.4,10.8,7,5.3,4.6,3.9
01-09-1991,6.9,7.3,6.4,21,17.1,10.8,7.1,5.2,4.7,3.8
01-10-1991,7,7.3,6.6,21.7,17.3,11.4,7.2,5.2,4.8,3.7
01-11-1991,7,7.4,6.7,21.2,17.5,11.3,7.2,5.3,4.8,4.2
01-12-1991,7.3,7.6,6.9,24.3,17.6,11.8,7.3,5.3,4.8,4.4
01-01-1992,7.3,7.8,6.7,21.8,17.3,11.3,7.4,5.5,5.1,4.4
01-02-1992,7.4,7.9,6.9,23,18.2,11.3,7.4,5.9,5.3,4.4
01-03-1992,7.4,7.9,6.9,22.7,18.8,11.1,7.6,5.7,5.3,4.5
01-04-1992,7.4,7.7,6.9,21.9,16.9,11.2,7.6,5.6,5.2,4.8
01-05-1992,7.6,8.1,7.1,23.5,18,11.6,7.7,5.8,5.4,4.9
01-06-1992,7.8,8.3,7.3,26.3,20.8,11.4,7.9,5.9,5.2,5.3
01-07-1992,7.7,8,7.3,23.4,18.9,11.5,7.6,5.9,5.3,5.3
01-08-1992,7.6,8,7.2,21.8,18.3,11.3,7.8,5.9,5.2,5
01-09-1992,7.6,8,7.2,24.3,18.6,11.3,7.8,5.9,5.1,4.8
01-10-1992,7.3,7.8,6.8,22.1,16.1,11.2,7.8,5.9,4.9,4.9
01-11-1992,7.4,7.8,7,24.2,18.2,11.2,7.7,5.8,4.9,4.7
01-12-1992,7.4,7.6,7.2,23.2,17.7,11.4,7.4,6.1,4.9,4.6
01-01-1993,7.3,7.4,7,23.8,17.5,11.1,7.2,5.7,5,4.4
01-02-1993,7.1,7.4,6.9,22.1,18.2,11.3,7.1,5.6,4.9,4.3
01-03-1993,7,7.5,6.5,23.7,17.2,10.7,7.1,5.4,5.1,4.3
01-04-1993,7.1,7.4,6.7,22,18.6,10.9,6.9,5.5,5.2,4.2
01-05-1993,7.1,7.3,6.8,21,18.9,11.4,6.9,5.5,4.9,4.2
01-06-1993,7,7.4,6.7,23.6,17.5,10.6,7.2,5.5,4.9,4.3
01-07-1993,6.9,7.2,6.5,20,17.1,10.4,7,5.3,4.9,4.3
01-08-1993,6.8,7.1,6.4,19.8,17.3,10.3,6.8,5.3,4.8,4.2
01-09-1993,6.7,7,6.4,19.5,16.9,9.7,6.9,5.3,4.8,4.6
01-10-1993,6.8,6.9,6.5,21.4,17.1,10.1,6.7,5.7,4.6,4.5
01-11-1993,6.6,6.7,6.5,21,16.8,10,6.4,5.6,4.2,4.2
01-12-1993,6.5,6.6,6.4,20,16.4,9.8,6.6,5.3,4.4,4.4
01-01-1994,6.6,6.8,6.4,20.9,16.3,10.9,6.5,5.2,4.2,4.5
01-02-1994,6.6,6.7,6.4,21.2,15.6,10.2,6.7,5,4.4,4.5
01-03-1994,6.5,6.5,6.5,19.6,17.2,10.5,6.5,5,4,4.5
01-04-1994,6.4,6.4,6.3,23.4,16.4,10.1,6.5,4.5,3.9,4.2
01-05-1994,6.1,6.1,6,20,16.7,9.6,6,4.4,4.1,4.1
01-06-1994,6.1,6.1,6.1,20.4,15.7,9.6,5.8,4.6,4.2,4
01-07-1994,6.1,6.3,5.9,20.2,15.6,9.7,5.8,4.6,4.1,4.1
01-08-1994,6,6.1,6,19.6,15.5,9.9,5.8,4.6,4,4.1
01-09-1994,5.9,5.8,5.9,19.7,15.7,9.2,5.6,4.8,3.8,3.7
01-10-1994,5.8,5.8,5.7,18.3,16.9,9,5.7,4.3,3.9,4
01-11-1994,5.6,5.6,5.6,18,13.8,9.2,5.5,4.2,3.8,3.9
01-12-1994,5.5,5.5,5.5,18.3,16.2,8.6,5.4,4.1,3.4,3.5
01-01-1995,5.6,5.6,5.6,19.4,14.2,8.6,5.8,4.2,3.3,3.9
01-02-1995,5.4,5.4,5.5,20,15.3,8.5,5.2,4.2,3.4,3.6
01-03-1995,5.4,5.3,5.5,19.6,14,9.1,5.2,4.1,3.5,3.5
01-04-1995,5.8,5.6,5.9,20.4,15.7,8.9,5.7,4.5,3.4,3.8
01-05-1995,5.6,5.8,5.5,20.9,15.3,8.7,5.6,4.6,3.2,3.8
01-06-1995,5.6,5.6,5.7,18.9,15.5,9,5.5,4.4,3.3,3.8
01-07-1995,5.7,5.6,5.8,21.2,15.7,9.2,5.3,4.5,3.4,3.8
01-08-1995,5.7,5.7,5.6,20.7,14.9,9.8,5.2,4.4,3.4,3.7
01-09-1995,5.6,5.6,5.7,20.3,15.6,9.9,5.5,4.2,3.3,3.6
01-10-1995,5.5,5.4,5.7,20.5,15.3,9.5,5,4.5,3.3,3.5
01-11-1995,5.6,5.7,5.5,20.4,15.6,8.8,5.4,4.3,3.5,3.8
01-12-1995,5.6,5.7,5.5,20.4,16.4,9.2,5.4,4.2,3.4,3.5
01-01-1996,5.6,5.6,5.8,20,16.1,10,5.5,4.1,3.6,3.6
01-02-1996,5.5,5.6,5.4,19.7,14.6,9.6,5.3,4.1,3.4,3.7
01-03-1996,5.5,5.6,5.3,19.1,15.9,9.4,5.3,4.1,3.4,3.6
01-04-1996,5.6,5.6,5.5,19,15.8,9.1,5.4,4.2,3.6,3.3
01-05-1996,5.6,5.6,5.5,19.7,14.9,9.6,5.5,4,3.6,3.6
01-06-1996,5.3,5.3,5.3,18.9,14,9.2,5.1,3.9,3.4,3.5
01-07-1996,5.5,5.5,5.4,20.3,14.5,9.6,5.3,4.1,3,3.7
01-08-1996,5.1,5,5.3,19.1,15.2,8.5,4.9,4,3.1,3.2
01-09-1996,5.2,5.2,5.2,17.4,14.2,8.9,4.9,4.2,3.2,3.3
01-10-1996,5.2,5.1,5.4,18,15.1,8.9,4.9,4.1,3.3,3.2
01-11-1996,5.4,5.3,5.4,16.8,16.8,9.1,5.1,4.4,3.2,3
01-12-1996,5.4,5,5.7,19.2,15,9.1,5.1,4.1,3.4,3.4
01-01-1997,5.3,5.3,5.3,17.4,16.3,9.5,4.9,4.2,3.2,3.1
01-02-1997,5.2,5.1,5.4,19.3,15.6,8.6,5.1,4.2,3.2,3.1
01-03-1997,5.2,5.1,5.2,19.1,14.6,8.9,4.9,4,3.1,3.2
01-04-1997,5.1,5.1,5,18.6,14,9,4.8,3.8,3,3
01-05-1997,4.9,4.6,5.2,18.8,14.4,8.2,4.8,3.7,3,3.1
01-06-1997,5,5,5,17.3,16.2,8.3,4.7,3.7,3.1,3.2
01-07-1997,4.9,4.8,5,18.7,15.8,7.7,4.7,3.6,3,3
01-08-1997,4.8,4.8,4.9,17.9,15,8.1,4.7,3.6,2.9,3.1
01-09-1997,4.9,4.7,5,19.2,14,8.3,4.6,3.7,3.1,3
01-10-1997,4.7,4.7,4.7,17.2,13.6,8.6,4.4,3.7,2.9,2.9
01-11-1997,4.6,4.6,4.7,17.4,13.2,8.5,4.3,3.5,2.7,2.7
01-12-1997,4.7,4.7,4.8,17.5,11.7,8.5,4.3,3.8,2.9,2.7
01-01-1998,4.6,4.5,4.8,16.9,11.5,9.1,4.2,3.7,2.8,2.7
01-02-1998,4.6,4.5,4.8,18.2,11.6,8.4,4.3,3.4,3.1,2.6
01-03-1998,4.7,4.6,4.8,16.8,13.2,7.9,4.7,3.5,2.9,2.7
01-04-1998,4.3,4.1,4.6,15.4,12.1,7.5,4.1,3.3,2.8,2.6
01-05-1998,4.4,4.3,4.5,16.4,14.2,7.6,4.2,3.4,2.6,2.6
01-06-1998,4.5,4.4,4.6,17.9,12.5,8,4.3,3.4,2.7,2.6
01-07-1998,4.5,4.6,4.5,16.6,13.4,8.1,4.4,3.3,2.8,2.8
01-08-1998,4.5,4.4,4.6,17.1,13.6,8.4,4.3,3.2,2.7,2.7
01-09-1998,4.6,4.6,4.6,17.8,13.3,8.4,4.4,3.2,2.7,2.7
01-10-1998,4.5,4.4,4.7,18.9,13.7,7.3,4.7,3.3,2.6,2.7
01-11-1998,4.4,4.3,4.6,17.6,12.8,6.8,4.2,3.3,2.7,3
01-12-1998,4.4,4.3,4.4,16.3,11.9,7.2,4.1,3.3,2.6,2.9
01-01-1999,4.3,4.2,4.4,18.3,13,7.1,4.1,3,2.6,2.8
01-02-1999,4.4,4.3,4.5,15.2,12.8,7.7,4.2,3.2,2.8,2.8
01-03-1999,4.2,3.9,4.4,16.6,12.4,7.2,4.1,2.9,2.5,2.8
01-04-1999,4.3,4.1,4.6,16.7,12.3,7.5,4.1,3.1,2.6,2.9
01-05-1999,4.2,4.2,4.2,16,11.8,7.4,3.9,3.2,2.5,2.8
01-06-1999,4.3,4.2,4.4,16.8,11.8,7.6,4,3.3,2.3,3.1
01-07-1999,4.3,4.2,4.5,15.5,11.9,7.8,4.1,3.1,2.6,3
01-08-1999,4.2,4.1,4.3,15.6,12.1,7.4,3.9,3.2,2.5,2.7
01-09-1999,4.2,4.1,4.4,16.1,13.9,7.4,3.9,3.1,2.5,2.6
01-10-1999,4.1,4.1,4.1,16.4,12.4,7.7,3.9,2.9,2.5,2.6
01-11-1999,4.1,4,4.2,16.3,12.2,7.6,3.8,2.7,2.6,2.6
01-12-1999,4,4,4.1,15.9,11.7,7.3,3.6,2.8,2.7,2.6
01-01-2000,4,3.9,4.1,14.4,11.4,7.5,3.6,3,2.6,2.7
01-02-2000,4.1,4.1,4.1,15.5,12.3,7.6,3.6,3.1,2.4,2.8
01-03-2000,4,3.8,4.3,15.3,11.9,7.4,3.7,3.2,2.2,2.7
01-04-2000,3.8,3.7,4,14.8,11.1,7.2,3.5,3,2.1,2.3
01-05-2000,4,3.9,4.2,15.9,11,8,3.8,3,2.4,2.5
01-06-2000,4,3.8,4.1,14.4,10.9,7.5,3.6,3.1,2.5,2.3
01-07-2000,4,3.9,4.2,15.9,11.8,7,3.9,3.1,2.5,2.5
01-08-2000,4.1,3.9,4.3,16.5,12.8,6.6,3.8,3.1,2.7,2.7
01-09-2000,3.9,3.9,4,15.8,11.4,6.5,3.7,2.9,2.6,2.7
01-10-2000,3.9,3.9,3.9,15.3,11.2,6.7,3.7,2.8,2.5,2.7
01-11-2000,3.9,3.9,4,15.6,11.4,6.8,3.7,2.9,2.4,2.8
01-12-2000,3.9,4,3.8,15.5,11.6,7,3.7,2.9,2.5,2.4
01-01-2001,4.2,4.2,4.1,17.7,11.5,7.3,4.1,3.1,2.7,2.7
01-02-2001,4.2,4.3,4.2,17.5,11,7.4,4,3.1,2.8,2.8
01-03-2001,4.3,4.3,4.2,16.2,12.1,7.6,4.1,3.2,2.8,2.7
01-04-2001,4.4,4.5,4.3,16.8,12.2,8.1,4.3,3.1,2.9,2.7
01-05-2001,4.3,4.4,4.2,15.4,12.4,8.1,4.3,3.4,2.8,2.6
01-06-2001,4.5,4.6,4.4,16.2,13,8.2,4.5,3.5,2.8,2.7
01-07-2001,4.6,4.6,4.5,17.6,12.2,7.9,4.3,3.7,3,2.9
01-08-2001,4.9,5,4.8,18.1,14.3,8.9,4.8,3.7,3.3,3
01-09-2001,5,4.9,5,16.2,14.3,8.4,4.8,4,3.2,3.3
01-10-2001,5.3,5.4,5.2,17.5,14.9,9.1,5.2,4.2,3.7,3.5
01-11-2001,5.5,5.7,5.4,17.5,15,9.3,5.7,4.5,3.6,3.5
01-12-2001,5.7,5.8,5.7,19.4,15.4,9.7,5.9,4.4,3.7,3.9
01-01-2002,5.7,5.8,5.5,18.8,15.3,9.8,5.8,4.6,3.8,3.6
01-02-2002,5.7,5.8,5.5,17.7,14.8,9.7,5.8,4.4,3.9,3.9
01-03-2002,5.7,5.9,5.6,18.6,15.2,10.3,5.8,4.5,3.9,3.6
01-04-2002,5.9,6,5.9,19.9,14.9,10,6.1,4.7,4,4
01-05-2002,5.8,5.8,5.7,20.3,14.4,9,5.9,4.7,4.3,3.9
01-06-2002,5.8,6,5.6,19.1,15,9.3,5.9,4.3,4.4,3.9
01-07-2002,5.8,5.9,5.7,18.9,15.4,9.7,5.8,4.6,4.2,3.7
01-08-2002,5.7,5.9,5.5,19.2,15.8,9.5,5.8,4.4,4,3.9
01-09-2002,5.7,5.9,5.5,19.3,14.3,9.4,5.7,4.6,3.9,3.8
01-10-2002,5.7,5.8,5.6,15.5,14.6,10,5.7,4.8,3.9,3.9
01-11-2002,5.9,6.1,5.6,19.6,15.8,9.6,6,4.9,4,3.6
01-12-2002,6,6.2,5.7,17.8,16.1,9.8,6.1,4.7,4.1,4.3
01-01-2003,5.8,6.2,5.4,18.9,16.1,9.4,6,4.6,3.9,4.1
01-02-2003,5.9,6.1,5.6,19,16.1,9.5,5.8,5.2,4,3.9
01-03-2003,5.9,6.1,5.7,17.3,17.8,9.1,5.8,4.8,4.4,3.9
01-04-2003,6,6.4,5.7,19.3,17,10.2,5.9,4.8,4.2,4.2
01-05-2003,6.1,6.4,5.7,18.2,17.7,10.4,6.1,5.1,4.1,4.3
01-06-2003,6.3,6.7,5.9,20.9,17.5,10.4,6.3,5.3,4,4.4
01-07-2003,6.2,6.6,5.7,20.1,16.8,10.6,6.1,5.2,4,4.1
01-08-2003,6.1,6.3,5.8,18.6,15.4,10.3,6.3,5,4.2,4.2
01-09-2003,6.1,6.4,5.8,19.3,16.4,10.5,6.3,4.8,4.2,4
01-10-2003,6,6.2,5.7,19.8,15.4,9.8,6.3,5,4.1,3.8
01-11-2003,5.8,6.2,5.4,17,14.9,10.3,6,4.8,4,3.9
01-12-2003,5.7,5.8,5.6,18.5,14.7,9.5,5.9,4.7,3.9,3.9
01-01-2004,5.7,5.7,5.7,18.9,15.8,9.7,5.8,4.5,4,3.7
01-02-2004,5.6,5.6,5.5,17.8,15.6,9.5,5.7,4.5,3.9,3.8
01-03-2004,5.8,5.8,5.8,19.8,14.9,9.8,5.8,4.8,4.1,3.7
01-04-2004,5.6,5.7,5.4,21.1,14.3,9.3,5.5,4.4,4,3.8
01-05-2004,5.6,5.8,5.4,21.3,14.4,9.7,5.6,4.3,3.8,4
01-06-2004,5.6,5.7,5.6,20.8,14.3,9.7,5.1,4.6,4,4.1
01-07-2004,5.5,5.5,5.5,20.3,16.1,9.3,5.6,4.3,3.7,3.5
01-08-2004,5.4,5.6,5.2,20.7,14.8,9,5.4,4.3,3.7,3.7
01-09-2004,5.4,5.6,5.2,19.3,14.8,9.4,5.1,4.5,3.6,3.7
01-10-2004,5.5,5.6,5.3,20.1,15.4,9.7,5.4,4.1,3.6,3.8
01-11-2004,5.4,5.5,5.2,20.6,13.7,9.1,5.5,4,3.7,3.7
01-12-2004,5.4,5.5,5.1,20.8,15.7,8.8,5.6,4,3.8,3.4
01-01-2005,5.3,5.4,5.1,19.5,14.2,9.5,5.2,4.1,3.6,3.5
01-02-2005,5.4,5.5,5.3,20.3,15.7,10,5.2,4.3,3.5,3.6
01-03-2005,5.2,5.3,5.1,19.3,15.6,9.2,5.3,3.8,3.4,3.5
01-04-2005,5.2,5.1,5.2,20.6,16.7,8.9,5.2,3.8,3.3,3.5
01-05-2005,5.1,5,5.2,20.2,16.2,8.8,5.1,3.9,3.5,3.3
01-06-2005,5,5,5.1,18,15.1,8.7,5.2,3.8,3.4,3.1
01-07-2005,5,4.9,5.1,18.7,14.3,8.2,5.1,3.7,3.6,3.4
01-08-2005,4.9,4.9,4.9,18.3,14.9,8.7,5,3.7,3.2,3.2
01-09-2005,5,5,5.1,18.3,13.6,8.6,5.3,3.7,3.6,3.6
01-10-2005,5,4.8,5.1,18.2,14.4,8.3,4.8,3.9,3.6,3.2
01-11-2005,5,5,5.1,20.8,14.4,8.3,5.1,3.9,3.6,3.2
01-12-2005,4.9,4.8,4.9,17.4,13.4,8.4,5.1,3.8,3.4,3.2
01-01-2006,4.7,4.6,4.8,16.4,14.3,8.2,4.6,3.7,3.2,3.1
01-02-2006,4.8,4.8,4.8,17.8,13.8,8.6,5.2,3.6,3.2,2.9
01-03-2006,4.7,4.7,4.7,18.8,14.2,7.8,4.8,3.8,3.2,2.6
01-04-2006,4.7,4.7,4.7,16.3,14.2,8.2,4.9,3.8,3.2,3
01-05-2006,4.6,4.7,4.5,15.3,13.2,8.1,4.8,3.5,3.3,3
01-06-2006,4.6,4.6,4.6,17.3,14.6,7.8,4.6,3.5,3.2,3
01-07-2006,4.7,4.7,4.7,17.2,14.8,8.4,4.8,3.6,3.2,3.1
01-08-2006,4.7,4.7,4.6,19.2,14.3,8.2,4.4,3.8,3.3,2.9
01-09-2006,4.5,4.4,4.7,17.5,15.3,7.9,4.5,3.5,3,2.9
01-10-2006,4.4,4.4,4.4,17.3,13.2,8.4,4.6,2.9,2.7,3
01-11-2006,4.5,4.5,4.5,16.7,13.5,8.5,4.4,3.5,2.8,3
01-12-2006,4.4,4.5,4.4,16.3,13.5,7.8,4.3,3.7,2.9,3
01-01-2007,4.6,4.7,4.5,16.6,13.5,8.1,4.9,3.4,3,3.3
01-02-2007,4.5,4.7,4.3,17.1,13.8,7.6,4.9,3.3,3.2,3.1
01-03-2007,4.4,4.5,4.3,16.6,13.8,7.7,4.3,3.2,3.1,3.1
01-04-2007,4.5,4.6,4.4,17.2,15.5,7.8,4.4,3.4,3.1,3.1
01-05-2007,4.4,4.6,4.3,17,15.6,7.2,4.4,3.3,3.1,3.2
01-06-2007,4.6,4.7,4.4,16.9,15.9,8,4.6,3.3,3,3.1
01-07-2007,4.7,4.7,4.6,16.7,14.1,8.3,4.6,3.8,3.2,3.2
01-08-2007,4.6,4.7,4.6,18.4,14.3,8.4,4.6,3.6,3.1,3.2
01-09-2007,4.7,4.8,4.5,18.3,14.3,9,4.8,3.3,3.1,3.1
01-10-2007,4.7,4.8,4.6,16.9,13.8,8.6,4.7,3.4,3.4,3.1
01-11-2007,4.7,4.8,4.6,18.8,14.3,8.3,4.7,3.6,3.3,3
01-12-2007,5,5.1,4.9,19.5,15.2,9.4,4.9,3.8,3.5,3.2
01-01-2008,5,5.2,4.8,21,15.8,8.9,5.1,3.6,3.4,3.3
01-02-2008,4.9,5,4.7,18.8,15.6,9,4.9,3.6,3.4,3.3
01-03-2008,5.1,5.2,5,18.9,14.3,9.4,5.3,3.8,3.5,3.4
01-04-2008,5,5.2,4.8,20.7,13.6,8.7,5.1,3.9,3.7,3
01-05-2008,5.4,5.6,5.2,21.8,17.8,10.2,5.2,4.2,3.8,3.2
01-06-2008,5.6,5.8,5.3,23.9,16,10,5.4,4.4,3.8,3.3
01-07-2008,5.8,6.2,5.3,24.8,17.9,10.2,5.7,4.7,3.8,3.7
01-08-2008,6.1,6.3,5.9,21.7,16.9,10.7,6.2,5.1,4.3,4.2
01-09-2008,6.1,6.7,5.5,20.6,17.9,11,6.2,5.1,4.3,4.2
01-10-2008,6.5,7.1,5.9,22.6,17.8,10.8,6.7,5.4,4.6,4.5
01-11-2008,6.8,7.4,6.2,23.9,18,11.2,7.1,5.5,5.1,4.8
01-12-2008,7.3,8,6.5,23.7,19,12.3,7.6,5.9,5.6,5
01-01-2009,7.8,8.6,7,21.8,20,12.5,8.3,6.7,6,5.4
01-02-2009,8.3,9.2,7.3,23.2,21.9,13.2,9.1,6.9,6.4,5.8
01-03-2009,8.7,9.7,7.6,23.8,21.4,14,9.3,7.3,6.8,6.3
01-04-2009,9,10.1,7.6,23.4,22,14.4,9.8,7.7,6.7,6.5
01-05-2009,9.4,10.6,8,23.6,23.6,15,10.3,8.1,6.9,6.7
01-06-2009,9.5,10.6,8.3,25.8,24,15.1,10,8.1,7.3,7
01-07-2009,9.5,10.5,8.3,25.7,23.5,15.1,10.1,7.9,7.4,6.8
01-08-2009,9.6,10.7,8.3,26,24.6,15.2,10.4,8.2,7.6,6.8
01-09-2009,9.8,10.9,8.5,27.9,24.3,15.3,10.4,8.6,7.9,6.7
01-10-2009,10,11.1,8.7,30.3,24.8,15.8,10.6,9,7.7,6.9
01-11-2009,9.9,11,8.6,29.8,25.5,16,10.3,8.6,7.6,7
01-12-2009,9.9,10.9,8.7,30,25.4,15.5,10,8.7,7.8,7.2
01-01-2010,9.8,11,8.4,27.9,25.1,15.9,10,8.5,7.8,6.9
01-02-2010,9.8,10.9,8.6,28.2,24.4,15.8,10,8.8,7.6,7.2
01-03-2010,9.9,10.9,8.7,29.6,24.6,15.8,10.2,8.6,7.9,6.9
01-04-2010,9.9,10.9,8.8,29,24,17.2,10.3,8.2,7.8,7
01-05-2010,9.6,10.4,8.8,29.6,25.1,14.7,10.6,7.9,7.6,7
01-06-2010,9.4,10.4,8.3,29.2,23.8,15.2,10.2,7.8,7.5,6.8
01-07-2010,9.4,10.3,8.5,29.8,23.7,15.5,9.8,7.9,7.4,6.8
01-08-2010,9.5,10.3,8.6,30.3,23.3,14.7,9.7,7.7,8,7.4
01-09-2010,9.5,10.2,8.6,30.6,23.1,14.8,9.8,8.3,7.5,7.1
01-10-2010,9.4,10.1,8.7,31.7,24.5,15.3,9.6,7.8,7.6,7.1
01-11-2010,9.8,10.5,9,26.2,24.2,16.1,10.4,7.8,8.1,7.2
01-12-2010,9.3,10,8.5,27.3,24.5,15.1,9.9,7.7,7.5,6.8
01-01-2011,9.1,9.7,8.5,27.5,24.6,15.2,9.3,7.4,7.2,6.7
01-02-2011,9,9.5,8.5,28.8,21.8,15.3,9.5,7.4,7.1,6.5
01-03-2011,9,9.5,8.4,29,22,15,9.3,7.2,7.2,6.5
01-04-2011,9.1,9.6,8.5,31.3,21.8,14.9,9.8,7.4,7.2,6.5
01-05-2011,9,9.5,8.5,28.9,21.7,14.8,9.5,7.5,7.2,6.7
01-06-2011,9.1,9.6,8.5,27.6,22.7,14.3,9.6,7.7,7.3,6.9
01-07-2011,9,9.5,8.4,27.5,23.3,14.5,9.6,7,7.1,6.8
01-08-2011,9,9.4,8.5,28.2,23.8,14.5,9.4,7.7,7,6.6
01-09-2011,9,9.3,8.7,27.1,23.2,14.6,9.5,7.5,7.1,6.6
01-10-2011,8.8,9.2,8.4,25.6,23.4,13.9,9.5,7.2,6.9,7
01-11-2011,8.6,8.9,8.3,23.9,24.5,14.3,9.1,7,6.6,6.3
01-12-2011,8.5,8.7,8.3,28,21.3,14.3,9.3,6.8,6.5,6.2
01-01-2012,8.3,8.4,8.2,29.1,21.1,13.3,9,6.8,6.4,5.9
01-02-2012,8.3,8.4,8.1,30.3,20.8,13.8,8.6,6.8,6.5,5.8
01-03-2012,8.2,8.4,8,29.1,22.7,13,8.7,6.4,6.3,6.2
01-04-2012,8.2,8.3,8,26.1,24.4,13.3,8.2,6.6,6.2,6.3
01-05-2012,8.2,8.4,7.9,26.3,23.4,13,8.2,6.7,6.3,6.5
01-06-2012,8.2,8.4,7.9,26.2,21.3,13.6,8.2,7,6.4,6.2
01-07-2012,8.2,8.3,8,25.6,22.3,13.4,8.1,6.7,6.5,6.2
01-08-2012,8.1,8.3,7.8,28.7,22.3,13.9,8.2,6.6,6.3,5.8
01-09-2012,7.8,8,7.6,26.1,22.9,12.3,8,6.3,6,5.9
01-10-2012,7.8,7.9,7.6,25.6,23.2,13.1,8.1,6.2,6,5.9
01-11-2012,7.7,7.9,7.6,30.7,21.1,12.9,7.7,6.2,6,5.8
01-12-2012,7.9,7.9,7.9,26.3,23.1,13.8,7.8,6.6,5.8,5.9
01-01-2013,8,8.2,7.8,29.1,20.9,14.2,7.7,6.5,6,6
01-02-2013,7.7,7.8,7.6,28.7,23.2,12.9,7.7,6.2,5.6,5.7
01-03-2013,7.5,7.6,7.5,28.4,21.7,13.1,7.5,6.1,5.7,5.5
01-04-2013,7.6,7.8,7.3,27.2,22.6,13.4,7.5,5.9,5.9,5.5
01-05-2013,7.5,7.9,7.1,27.5,22.4,13.3,7.2,6,5.9,5.3
01-06-2013,7.5,7.7,7.3,25.8,21.8,13.5,7.6,5.9,5.8,5.4
01-07-2013,7.3,7.7,6.8,28.7,19.9,12.4,7.5,5.9,5.6,5
01-08-2013,7.2,7.7,6.7,25.1,21.3,13.2,7.7,5.6,5.4,5
01-09-2013,7.2,7.7,6.7,25.6,19.5,12.8,7.4,5.6,5.6,5.2
01-10-2013,7.2,7.5,6.8,23.6,21.4,12.2,7.1,5.7,5.8,5.5
01-11-2013,6.9,7.2,6.7,23.8,19.7,11.6,7.3,5.7,5.5,4.9
01-12-2013,6.7,6.8,6.6,24,18.5,10.8,6.9,5.4,5,5.1
01-01-2014,6.6,6.8,6.3,21.7,19.7,11.9,6.8,5,5,4.5
01-02-2014,6.7,6.9,6.4,21.4,21.3,12,7.1,5,5.1,4.5
01-03-2014,6.7,6.7,6.6,20.6,20.8,12.4,6.9,5.2,4.9,4.7
01-04-2014,6.2,6.4,6.1,21.5,18.3,10.8,6.7,4.9,4.6,4.7
01-05-2014,6.3,6.4,6.2,23.1,17.3,11.1,6.6,5,4.5,4.6
01-06-2014,6.1,6.3,5.8,23.6,18.6,10.5,6.5,4.7,4.2,4.5
01-07-2014,6.2,6.2,6.1,23.1,18.5,11,6.5,4.8,4.1,4.5
01-08-2014,6.1,6.3,6,23.2,17.2,11,6.8,4.8,4.1,4.5
01-09-2014,5.9,5.9,6,21,19.7,11.6,6.3,4.4,4.1,3.9
01-10-2014,5.7,5.6,5.9,22.1,17.1,10.3,6.1,4.4,4,4.1
01-11-2014,5.8,5.9,5.8,17.4,17.7,10.8,6,4.4,4.2,4.5
01-12-2014,5.6,5.7,5.4,18.7,15.5,10.5,5.8,4.3,4,3.9
01-01-2015,5.7,5.8,5.5,19.6,18,9.6,5.9,4.4,4.2,4.1
01-02-2015,5.5,5.6,5.3,17.6,16.7,10,5.4,4.4,3.9,4.2
01-03-2015,5.4,5.6,5.3,17.6,17.3,10.7,5.7,4.1,3.7,3.9
01-04-2015,5.4,5.5,5.4,18.9,16.1,9.7,5.8,4.3,3.9,4
01-05-2015,5.6,5.7,5.5,19.5,16.8,10.3,5.8,4.5,3.9,3.8
01-06-2015,5.3,5.3,5.1,18.8,17.9,9.7,5.6,4,3.4,3.7
01-07-2015,5.2,5.2,5.2,17.7,15.3,9.7,5.5,4.1,3.7,3.7
01-08-2015,5.1,5.1,5,19,15.4,9.1,5.1,3.8,3.7,3.8
01-09-2015,5,5.1,5,18.2,15.8,9.2,5.1,4,3.4,3.8
01-10-2015,5,5.1,5,18,15,9.2,5.3,4.1,3.7,3.5
01-11-2015,5.1,5.2,5,16.5,15,9.7,5.5,4,3.4,3.7
01-12-2015,5,5.1,4.9,17.4,15.5,9.2,5.3,4,3.7,3.2
01-01-2016,4.8,4.8,4.9,18.3,14.7,7.8,5,3.9,3.5,3.7
01-02-2016,4.9,4.9,4.8,18.7,13.9,8.6,5,3.7,3.5,3.8
01-03-2016,5,4.9,5.1,19.2,14.3,8.6,5.2,3.8,3.6,3.9
01-04-2016,5.1,5.1,5,19.4,14.1,9.1,5.2,4.1,3.6,3.7
01-05-2016,4.8,4.8,4.8,18.3,14.4,8.3,5.1,3.6,3.5,3.4
01-06-2016,4.9,4.9,4.8,16.9,15.3,8.4,5.2,3.8,3.5,3.5
01-07-2016,4.8,5,4.5,14.2,15.9,8.8,5,3.4,3.4,3.6
01-08-2016,4.9,5,4.8,16.9,14.9,8.1,5.1,4,3.6,3.5
01-09-2016,5,5.1,4.8,17.5,15.4,8.2,5.2,4.2,3.6,3.6
01-10-2016,4.9,5,4.7,20.3,13.4,8.6,5.1,3.9,3.5,3.7
01-11-2016,4.7,4.9,4.6,17.4,14.4,8.3,4.9,3.6,3.5,3.6
01-12-2016,4.7,4.8,4.6,17.4,13.3,8.2,4.7,4,3.3,3.6
01-01-2017,4.7,4.7,4.7,15.8,14,8.2,4.9,4,3.3,3.5
01-02-2017,4.6,4.6,4.6,17.4,13,8,4.7,4.1,3.1,3.4
01-03-2017,4.4,4.5,4.3,16.9,11.3,7.2,4.4,3.9,3.1,3.3
01-04-2017,4.4,4.4,4.5,17.4,12.7,7.3,4.3,3.6,3.4,3.2
01-05-2017,4.4,4.3,4.4,13.3,14.6,6.6,4.9,3.4,3.3,3.1
01-06-2017,4.3,4.3,4.3,13.6,13.2,7.3,4.3,3.2,3.5,3.1
01-07-2017,4.3,4.4,4.2,15.4,11.3,7.3,4.5,3.4,3.2,3.1
01-08-2017,4.4,4.5,4.3,15,13.3,6.9,4.8,3.3,3.6,3.1
01-09-2017,4.3,4.3,4.2,13.3,12.7,7.6,4.4,3.1,3.1,3.3
01-10-2017,4.2,4.3,4,15.7,13.1,7.4,4.6,3.1,2.8,3.2
01-11-2017,4.2,4.3,4.1,19,14.6,7.4,4.5,3.1,2.8,3.1
01-12-2017,4.1,4.2,4.1,14.9,13.1,7.3,4.5,3.1,2.8,3.4
01-01-2018,4,4.1,4,14.8,13.1,7.4,4.2,3.1,2.9,2.9
01-02-2018,4.1,4,4.1,15.7,13.5,6.9,4.2,3.2,2.8,3.2
01-03-2018,4,4,4,15.3,12.1,6.4,4,3.2,2.9,3.2
01-04-2018,4,4.1,3.9,14.6,12,6.7,4.3,3,2.8,3
01-05-2018,3.8,4,3.6,14.7,12,6.9,3.9,2.9,2.8,2.8
01-06-2018,4,4.1,3.9,13.7,11.7,7.4,3.9,3,3.1,3
01-07-2018,3.8,3.8,3.9,13,12.9,6.9,3.5,2.9,2.9,3
01-08-2018,3.8,3.8,3.8,13.4,12.5,6.5,4.1,2.8,2.6,3
01-09-2018,3.7,3.8,3.6,13,12,6.9,3.6,2.9,2.7,2.9
01-10-2018,3.8,3.9,3.7,10.8,13,7,3.8,3,2.7,2.9
01-11-2018,3.8,3.7,3.8,13.5,12,6.7,3.9,2.9,2.6,2.9
01-12-2018,3.9,4,3.8,13.8,12.1,7.4,4.1,2.9,2.9,3
01-01-2019,4,4,3.9,14.8,11.9,7.8,3.9,2.9,2.9,3.1
01-02-2019,3.8,3.8,3.7,16.8,12,7.3,4,2.6,2.8,2.6
01-03-2019,3.8,3.9,3.7,13.1,12.3,6.9,3.8,2.9,2.9,2.7
01-04-2019,3.6,3.8,3.5,14.7,12.1,6.4,3.8,2.7,2.5,2.6
01-05-2019,3.7,3.7,3.6,14.1,12.2,6.9,3.5,2.6,2.6,2.8
01-06-2019,3.6,3.6,3.6,14.1,11.5,6,3.5,2.7,2.8,2.9
01-07-2019,3.7,3.7,3.7,15.3,11.1,6.7,3.6,2.7,2.7,2.7
01-08-2019,3.7,3.7,3.6,12.6,12.6,6.8,3.6,2.7,2.8,2.6
01-09-2019,3.5,3.6,3.4,12,12.2,6.3,3.5,2.5,2.8,2.5
01-10-2019,3.6,3.7,3.5,14.2,11.3,6.4,3.9,2.7,2.6,2.7
01-11-2019,3.6,3.6,3.6,12.6,11.9,6.5,3.7,2.8,2.5,2.6
01-12-2019,3.6,3.5,3.6,13.7,12.2,6.7,3.7,2.9,2.6,2.5
01-01-2020,3.5,3.5,3.5,11.5,12.5,7,3.7,2.8,2.4,2.5
01-02-2020,3.5,3.5,3.4,9.9,11.8,6.5,3.7,2.8,2.5,2.5
01-03-2020,4.4,4.4,4.4,16.8,12.8,8.3,4.1,3.5,3.2,3.4
01-04-2020,14.7,13.5,16.2,29.7,34.3,25.5,14.5,11.5,12.3,13.6
01-05-2020,13.2,12.1,14.5,31,29.9,23,13.4,10.1,10.7,11.8
01-06-2020,11,10.5,11.6,23.2,22,19.6,11.7,9,8.4,9.6
01-07-2020,10.2,9.7,10.7,17.8,19.6,18,11.3,8,7.8,8.8
01-08-2020,8.4,8.2,8.6,14.5,18,14,9.5,6.5,6.2,7.6
01-09-2020,7.9,7.7,8.1,16.9,15.7,12.5,8.6,6.2,6.4,6.8
01-10-2020,6.9,7,6.7,13.8,13.9,11,7.4,5.9,5.9,5.5
01-11-2020,6.7,6.9,6.4,14.6,13.3,10.7,7.1,5.6,5.4,5.8
01-12-2020,6.7,6.7,6.7,13.8,17,11.3,6.7,5.5,5.3,6
01-01-2021,6.3,6.4,6.3,15.3,14.2,9.9,6.7,5.5,4.9,5.2
01-02-2021,6.2,6.4,6.1,14.4,13.4,9.7,6.4,5.6,4.9,5.3
01-03-2021,6.1,6.2,5.9,12.3,13.2,10.1,6.7,5.1,4.5,4.6
01-04-2021,6.1,6.2,5.8,10.9,12.6,10.4,6.4,5,4.9,5
01-05-2021,5.8,6,5.5,9,10,10.2,5.8,5,4.7,4.8
01-06-2021,5.9,6.1,5.7,11.3,10.3,9.1,6.5,5.3,4.7,4.9
01-07-2021,5.4,5.6,5.2,11.3,9.7,9.1,6.1,4.6,3.8,4.4
01-08-2021,5.2,5.3,5,11.5,11.3,9.2,5.6,4.3,4,3.9
01-09-2021,4.8,5,4.5,10.4,11.7,7.8,5.3,3.9,3.9,3.6
01-10-2021,4.5,4.5,4.6,10,12.6,7.3,4.7,3.8,3.7,3.5
01-11-2021,4.2,4.1,4.2,10.3,11.6,7.4,4.2,3.8,3,3.2
01-12-2021,3.9,3.9,3.9,10.8,11.4,7.1,4.2,3.3,2.8,2.9
01-01-2022,4,4.1,3.9,11.2,10.6,7.3,4.3,3.5,2.6,3.1
01-02-2022,3.8,3.8,3.9,10.1,10.1,7.5,4.1,3.3,2.5,2.9
01-03-2022,3.6,3.7,3.6,8.9,10.9,7.4,3.9,2.8,2.2,2.6
01-04-2022,3.6,3.8,3.5,8.9,11.8,6.9,4,2.9,2.2,2.8
01-05-2022,3.6,3.6,3.7,10.3,10.4,6.7,3.9,2.9,2.3,2.7
01-06-2022,3.6,3.6,3.6,11.2,10.2,6.8,3.5,3.2,2.4,2.7
01-07-2022,3.5,3.5,3.4,10.2,12.1,6.4,3.6,2.7,2.4,2.5
01-08-2022,3.7,3.8,3.5,9.7,10.9,7,3.8,2.9,2.6,2.7
01-09-2022,3.5,3.6,3.4,12.2,11,7,3.6,3,2.1,2.4
01-10-2022,3.7,3.7,3.7,9.8,11.9,6.9,4,2.9,2.8,2.4
01-11-2022,3.6,3.7,3.6,11.5,11.3,6.8,4.1,2.6,2.7,2.5
01-12-2022,3.5,3.4,3.6,8.4,12.2,7.3,3.8,2.4,2.3,2.7
01-01-2023,3.4,3.6,3.3,10.9,10,7.1,3.9,2.6,2.3,2.3
01-02-2023,3.6,3.6,3.5,9,12.1,6.9,3.9,2.6,2.6,2.5
01-03-2023,3.5,3.6,3.4,9.1,10.3,6.5,3.8,2.5,2.4,2.6